theta_cs, phi_cs, theta_prime, phi_prime
0,0,nan,nan
0.0754827,0,0.00673901,-135.165
0.150965,0,0.0134732,-67.6435
0.226448,0,0.0201452,-45.2925
0.301931,0,0.0266963,-34.2388
0.377414,0,0.0330658,-27.7091
0.452896,0,0.0391925,-23.4471
0.528379,0,0.0450145,-20.487
0.603862,0,0.0504706,-18.347
0.679344,0,0.0555017,-16.7607
0.754827,0,0.0600527,-15.5689
0.83031,0,0.064075,-14.6714
0.905792,0,0.0675295,-14.0017
0.981275,0,0.0703904,-13.5142
1.05676,0,0.0726482,-13.1761
1.13224,0,0.0743136,-12.9627
1.20772,0,0.0754198,-12.854
1.28321,0,0.0760235,-12.8327
1.35869,0,0.0762038,-12.882
1.43417,0,0.0760587,-12.9849
1.50965,0,0.0756999,-13.1236
1.58514,0,3.06617,13.2195
1.66062,0,3.06574,13.0679
1.7361,0,3.06545,12.9406
1.81158,0,3.06541,12.856
1.88707,0,3.06574,12.8316
1.96255,0,3.06653,12.8841
2.03803,0,3.06784,13.0304
2.11352,0,3.06973,13.2886
2.189,0,3.07222,13.6802
2.26448,0,3.07531,14.2325
2.33996,0,3.07898,14.9825
2.41545,0,3.08321,15.9826
2.49093,0,3.08795,17.31
2.56641,0,3.09315,19.0836
2.64189,0,3.09875,21.4954
2.71738,0,3.1047,24.8759
2.79286,0,3.11092,29.8436
2.86834,0,3.11737,37.7032
2.94383,0,3.12397,51.7539
3.01931,0,3.13067,83.4464
3.09479,0,3.13742,218.114
0,0.153211,nan,nan
0.0754827,0.153211,0.00673946,-135.002
0.150965,0.153211,0.0134768,-67.4705
0.226448,0.153211,0.0201572,-45.1099
0.301931,0.153211,0.026724,-34.0467
0.377414,0.153211,0.0331183,-27.5079
0.452896,0.153211,0.0392797,-23.2372
0.528379,0.153211,0.045146,-20.269
0.603862,0.153211,0.0506549,-18.1217
0.679344,0.153211,0.0557449,-16.5288
0.754827,0.153211,0.0603573,-15.3316
0.83031,0.153211,0.0644388,-14.4299
0.905792,0.153211,0.0679451,-13.7577
0.981275,0.153211,0.0708443,-13.2698
1.05676,0.153211,0.0731216,-12.9336
1.13224,0.153211,0.0747832,-12.7248
1.20772,0.153211,0.0758596,-12.6238
1.28321,0.153211,0.0764071,-12.6133
1.35869,0.153211,0.0765073,-12.6766
1.43417,0.153211,0.0762632,-12.7964
1.50965,0.153211,0.0757934,-12.9541
1.58514,0.153211,3.06615,13.3689
1.66062,0.153211,3.0656,13.1973
1.7361,0.153211,3.0652,13.0518
1.81158,0.153211,3.06508,12.9513
1.88707,0.153211,3.06534,12.9141
1.96255,0.153211,3.06608,12.9571
2.03803,0.153211,3.06737,13.0969
2.11352,0.153211,3.06926,13.3516
2.189,0.153211,3.07178,13.7422
2.26448,0.153211,3.07491,14.2958
2.33996,0.153211,3.07864,15.0489
2.41545,0.153211,3.08293,16.0536
2.49093,0.153211,3.08773,17.3869
2.56641,0.153211,3.09298,19.1674
2.64189,0.153211,3.09864,21.5869
2.71738,0.153211,3.10462,24.9757
2.79286,0.153211,3.11088,29.9523
2.86834,0.153211,3.11735,37.8211
2.94383,0.153211,3.12396,51.8813
3.01931,0.153211,3.13067,83.5836
3.09479,0.153211,3.13742,218.261
0,0.306422,nan,nan
0.0754827,0.306422,0.0067408,-134.819
0.150965,0.306422,0.0134874,-67.2585
0.226448,0.306422,0.0201928,-44.8691
0.301931,0.306422,0.0268068,-33.7778
0.377414,0.306422,0.0332756,-27.2119
0.452896,0.306422,0.0395415,-22.9154
0.528379,0.306422,0.0455424,-19.9229
0.603862,0.306422,0.0512128,-17.7532
0.679344,0.306422,0.0564842,-16.1405
0.754827,0.306422,0.0612875,-14.9266
0.83031,0.306422,0.0655554,-14.012
0.905792,0.306422,0.0692265,-13.3317
0.981275,0.306422,0.0722507,-12.8413
1.05676,0.306422,0.0745953,-12.5097
1.13224,0.306422,0.0762511,-12.3137
1.20772,0.306422,0.0772388,-12.2348
1.28321,0.306422,0.077613,-12.2563
1.35869,0.306422,0.0774624,-12.3619
1.43417,0.306422,0.0769064,-12.5333
1.50965,0.306422,0.0760867,-12.7499
1.58514,0.306422,3.06608,13.51
1.66062,0.306422,3.06517,13.2765
1.7361,0.306422,3.06444,13.0745
1.81158,0.306422,3.06402,12.9258
1.88707,0.306422,3.06405,12.8502
1.96255,0.306422,3.06465,12.8649
2.03803,0.306422,3.06589,12.9863
2.11352,0.306422,3.06781,13.2315
2.189,0.306422,3.07041,13.6203
2.26448,0.306422,3.07369,14.1786
2.33996,0.306422,3.07759,14.9418
2.41545,0.306422,3.08207,15.961
2.49093,0.306422,3.08706,17.3122
2.56641,0.306422,3.09249,19.1135
2.64189,0.306422,3.0983,21.5562
2.71738,0.306422,3.1044,24.9699
2.79286,0.306422,3.11075,29.9729
2.86834,0.306422,3.11728,37.8692
2.94383,0.306422,3.12394,51.9578
3.01931,0.306422,3.13067,83.6891
3.09479,0.306422,3.13742,218.396
0,0.459633,nan,nan
0.0754827,0.459633,0.006743,-134.617
0.150965,0.459633,0.013505,-67.0089
0.226448,0.459633,0.0202516,-44.5722
0.301931,0.459633,0.0269439,-33.4348
0.377414,0.459633,0.0335371,-26.8243
0.452896,0.459633,0.0399791,-22.4851
0.528379,0.459633,0.0462095,-19.4524
0.603862,0.459633,0.0521587,-17.2456
0.679344,0.459633,0.0577484,-15.5993
0.754827,0.459633,0.0628928,-14.3564
0.83031,0.459633,0.067501,-13.4185
0.905792,0.459633,0.0714821,-12.7219
0.981275,0.459633,0.0747518,-12.2242
1.05676,0.459633,0.0772416,-11.8963
1.13224,0.459633,0.0789103,-11.7176
1.20772,0.459633,0.0797559,-11.6721
1.28321,0.459633,0.079825,-11.7454
1.35869,0.459633,0.0792186,-11.9219
1.43417,0.459633,0.0780883,-12.1829
1.50965,0.459633,0.0766235,-12.5044
1.58514,0.459633,3.06596,13.6412
1.66062,0.459633,3.06439,13.2961
1.7361,0.459633,3.06302,12.9944
1.81158,0.459633,3.06207,12.763
1.88707,0.459633,3.06171,12.6237
1.96255,0.459633,3.06206,12.5939
2.03803,0.459633,3.06322,12.6883
2.11352,0.459633,3.0652,12.9216
2.189,0.459633,3.06799,13.3112
2.26448,0.459633,3.07154,13.8805
2.33996,0.459633,3.07577,14.6628
2.41545,0.459633,3.0806,15.7076
2.49093,0.459633,3.08592,17.0897
2.56641,0.459633,3.09166,18.9261
2.64189,0.459633,3.09772,21.4071
2.71738,0.459633,3.10404,24.8621
2.79286,0.459633,3.11055,29.9085
2.86834,0.459633,3.11718,37.85
2.94383,0.459633,3.1239,51.9852
3.01931,0.459633,3.13066,83.764
3.09479,0.459633,3.13742,218.519
0,0.612844,nan,nan
0.0754827,0.612844,0.00674601,-134.398
0.150965,0.612844,0.0135291,-66.7238
0.226448,0.612844,0.0203325,-44.2226
0.301931,0.612844,0.0271336,-33.0221
0.377414,0.612844,0.0339015,-26.3505
0.452896,0.612844,0.0405942,-21.9528
0.528379,0.612844,0.0471562,-18.8645
0.603862,0.612844,0.0535162,-16.6056
0.679344,0.612844,0.0595856,-14.9116
0.754827,0.612844,0.0652582,-13.6261
0.83031,0.612844,0.070411,-12.652
0.905792,0.612844,0.0749091,-11.9275
0.981275,0.612844,0.078613,-11.4126
1.05676,0.612844,0.0813922,-11.0815
1.13224,0.612844,0.0831432,-10.9179
1.20772,0.612844,0.0838134,-10.9106
1.28321,0.612844,0.0834244,-11.0504
1.35869,0.612844,0.0820903,-11.3261
1.43417,0.612844,0.0800195,-11.7199
1.50965,0.612844,0.0774949,-12.2042
1.58514,0.612844,3.06575,13.7591
1.66062,0.612844,3.0631,13.2375
1.7361,0.612844,3.06072,12.7836
1.81158,0.612844,3.0589,12.432
1.88707,0.612844,3.0579,12.2063
1.96255,0.612844,3.05791,12.1212
2.03803,0.612844,3.05899,12.1868
2.11352,0.612844,3.06114,12.4126
2.189,0.612844,3.06428,12.8112
2.26448,0.612844,3.06831,13.402
2.33996,0.612844,3.07307,14.2156
2.41545,0.612844,3.07844,15.2992
2.49093,0.612844,3.08427,16.726
2.56641,0.612844,3.09046,18.6118
2.64189,0.612844,3.09691,21.1463
2.71738,0.612844,3.10353,24.6581
2.79286,0.612844,3.11026,29.764
2.86834,0.612844,3.11704,37.7674
2.94383,0.612844,3.12385,51.9663
3.01931,0.612844,3.13064,83.8102
3.09479,0.612844,3.13742,218.631
0,0.766055,nan,nan
0.0754827,0.766055,0.00674976,-134.162
0.150965,0.766055,0.0135592,-66.4065
0.226448,0.766055,0.0204341,-43.8247
0.301931,0.766055,0.0273735,-32.5457
0.377414,0.766055,0.0343665,-25.798
0.452896,0.766055,0.0413878,-21.3269
0.528379,0.766055,0.0483935,-18.1687
0.603862,0.766055,0.0553168,-15.8435
0.679344,0.766055,0.0620634,-14.0875
0.754827,0.766055,0.0685078,-12.7449
0.83031,0.766055,0.0744904,-11.7197
0.905792,0.766055,0.0798188,-10.9516
0.981275,0.766055,0.0842728,-10.4032
1.05676,0.766055,0.0876196,-10.053
1.13224,0.766055,0.0896401,-9.89076
1.20772,0.766055,0.0901703,-9.91408
1.28321,0.766055,0.0891562,-10.1247
1.35869,0.766055,0.0867078,-10.5227
1.43417,0.766055,0.0831277,-11.0984
1.50965,0.766055,0.0788843,-11.8232
1.58514,0.766055,3.06544,13.8571
1.66062,0.766055,3.06105,13.0652
1.7361,0.766055,3.057,12.3921
1.81158,0.766055,3.0538,11.8818
1.88707,0.766055,3.05187,11.5546
1.96255,0.766055,3.05144,11.4154
2.03803,0.766055,3.05255,11.4627
2.11352,0.766055,3.0551,11.6957
2.189,0.766055,3.05889,12.1194
2.26448,0.766055,3.06371,12.748
2.33996,0.766055,3.06931,13.6084
2.41545,0.766055,3.07549,14.7455
2.49093,0.766055,3.08206,16.2314
2.56641,0.766055,3.08889,18.1809
2.64189,0.766055,3.09586,20.7831
2.71738,0.766055,3.10287,24.3661
2.79286,0.766055,3.10989,29.5465
2.86834,0.766055,3.11686,37.6271
2.94383,0.766055,3.12378,51.9053
3.01931,0.766055,3.13063,83.8303
3.09479,0.766055,3.13741,218.734
0,0.919266,nan,nan
0.0754827,0.919266,0.00675417,-133.912
0.150965,0.919266,0.0135947,-66.0606
0.226448,0.919266,0.0205546,-43.3845
0.301931,0.919266,0.0276606,-32.0133
0.377414,0.919266,0.0349289,-25.1761
0.452896,0.919266,0.04236,-20.6188
0.528379,0.919266,0.049933,-17.3778
0.603862,0.919266,0.0575977,-14.9737
0.679344,0.919266,0.0652668,-13.1424
0.754827,0.919266,0.0728064,-11.7284
0.83031,0.919266,0.0800263,-10.636
0.905792,0.919266,0.0866716,-9.80548
0.981275,0.919266,0.0924185,-9.20139
1.05676,0.919266,0.0968801,-8.80578
1.13224,0.919266,0.0996321,-8.61541
1.20772,0.919266,0.100272,-8.64023
1.28321,0.919266,0.0985281,-8.90147
1.35869,0.919266,0.0944083,-9.42619
1.43417,0.919266,0.0883416,-10.2335
1.50965,0.919266,0.0811874,-11.3096
1.58514,0.919266,3.06492,13.9212
1.66062,0.919266,3.05763,12.7107
1.7361,0.919266,3.05076,11.7318
1.81158,0.919266,3.04536,11.0327
1.88707,0.919266,3.04211,10.6112
1.96255,0.919266,3.04129,10.4428
2.03803,0.919266,3.04278,10.5017
2.11352,0.919266,3.04623,10.7706
2.189,0.919266,3.05123,11.2443
2.26448,0.919266,3.05736,11.9314
2.33996,0.919266,3.06426,12.8561
2.41545,0.919266,3.07162,14.0621
2.49093,0.919266,3.07923,15.6208
2.56641,0.919266,3.08691,17.647
2.64189,0.919266,3.09455,20.3297
2.71738,0.919266,3.10207,23.9968
2.79286,0.919266,3.10945,29.2647
2.86834,0.919266,3.11665,37.4358
2.94383,0.919266,3.1237,51.8072
3.01931,0.919266,3.13061,83.8272
3.09479,0.919266,3.13741,218.827
0,1.07248,nan,nan
0.0754827,1.07248,0.00675913,-133.65
0.150965,1.07248,0.0136348,-65.6909
0.226448,1.07248,0.0206918,-42.9087
0.301931,1.07248,0.0279905,-31.4338
0.377414,1.07248,0.0355832,-24.4962
0.452896,1.07248,0.0435086,-19.842
0.528379,1.07248,0.0517844,-16.508
0.603862,1.07248,0.0603978,-14.0146
0.679344,1.07248,0.0692934,-12.0975
0.754827,1.07248,0.0783567,-10.6005
0.83031,1.07248,0.0873947,-9.42674
0.905792,1.07248,0.096112,-8.51585
0.981275,1.07248,0.104084,-7.83154
1.05676,1.07248,0.110734,-7.35659
1.13224,1.07248,0.115318,-7.09171
1.20772,1.07248,0.116966,-7.05809
1.28321,1.07248,0.114819,-7.30281
1.35869,1.07248,0.108367,-7.90396
1.43417,1.07248,0.097995,-8.96196
1.50965,1.07248,0.0854004,-10.5474
1.58514,1.07248,3.06399,13.9186
1.66062,1.07248,3.0513,12.0277
1.7361,1.07248,3.03927,10.6449
1.81158,1.07248,3.03027,9.7723
1.88707,1.07248,3.02547,9.31772
1.96255,1.07248,3.02485,9.18622
2.03803,1.07248,3.02772,9.31172
2.11352,1.07248,3.03319,9.65771
2.189,1.07248,3.04042,10.2113
2.26448,1.07248,3.04873,10.9787
2.33996,1.07248,3.05761,11.984
2.41545,1.07248,3.06669,13.2719
2.49093,1.07248,3.07571,14.9146
2.56641,1.07248,3.0845,17.0279
2.64189,1.07248,3.09299,19.8012
2.71738,1.07248,3.10114,23.5628
2.79286,1.07248,3.10893,28.929
2.86834,1.07248,3.11641,37.2018
2.94383,1.07248,3.12361,51.6778
3.01931,1.07248,3.13059,83.8046
3.09479,1.07248,3.13741,218.913
0,1.22569,nan,nan
0.0754827,1.22569,0.00676453,-133.379
0.150965,1.22569,0.0136787,-65.3023
0.226448,1.22569,0.020843,-42.4048
0.301931,1.22569,0.028358,-30.8175
0.377414,1.22569,0.0363222,-23.771
0.452896,1.22569,0.0448273,-19.0123
0.528379,1.22569,0.053952,-15.5782
0.603862,1.22569,0.0637515,-12.9893
0.679344,1.22569,0.074243,-10.9806
0.754827,1.22569,0.0853846,-9.39446
0.83031,1.22569,0.0970468,-8.13227
0.905792,1.22569,0.108972,-7.13048
0.981275,1.22569,0.120719,-6.34886
1.05676,1.22569,0.131586,-5.76532
1.13224,1.22569,0.140503,-5.37566
1.20772,1.22569,0.14591,-5.19921
1.28321,1.22569,0.145677,-5.29441
1.35869,1.22569,0.137354,-5.79358
1.43417,1.22569,0.119516,-6.96407
1.50965,1.22569,0.0948469,-9.22476
1.58514,1.22569,3.06201,13.7503
1.66062,1.22569,3.037,10.6619
1.7361,1.22569,3.01422,8.8671
1.81158,1.22569,2.99998,7.99449
1.88707,1.22569,2.99501,7.67141
1.96255,1.22569,2.9972,7.68994
2.03803,1.22569,3.00416,7.95166
2.11352,1.22569,3.01397,8.41578
2.189,1.22569,3.02528,9.07306
2.26448,1.22569,3.03716,9.93481
2.33996,1.22569,3.04903,11.0297
2.41545,1.22569,3.06051,12.4059
2.49093,1.22569,3.07142,14.1385
2.56641,1.22569,3.08165,16.3448
2.64189,1.22569,3.09118,19.2153
2.71738,1.22569,3.10007,23.0787
2.79286,1.22569,3.10836,28.5511
2.86834,1.22569,3.11614,36.9342
2.94383,1.22569,3.12351,51.5238
3.01931,1.22569,3.13057,83.7668
3.09479,1.22569,3.13741,218.992
0,1.3789,nan,nan
0.0754827,1.3789,0.00677025,-133.101
0.150965,1.3789,0.0137254,-64.9003
0.226448,1.3789,0.0210052,-41.8811
0.301931,1.3789,0.0287567,-30.1753
0.377414,1.3789,0.0371354,-23.0146
0.452896,1.3789,0.0463043,-18.147
0.528379,1.3789,0.0564308,-14.61
0.603862,1.3789,0.0676793,-11.9244
0.679344,1.3789,0.0801993,-9.82503
0.754827,1.3789,0.0941056,-8.15298
0.83031,1.3789,0.10945,-6.80717
0.905792,1.3789,0.12618,-5.72005
0.981275,1.3789,0.144071,-4.84519
1.05676,1.3789,0.162629,-4.15107
1.13224,1.3789,0.180915,-3.6191
1.20772,1.3789,0.19721,-3.24601
1.28321,1.3789,0.20835,-3.05529
1.35869,1.3789,0.208336,-3.13605
1.43417,1.3789,0.186079,-3.79552
1.50965,1.3789,0.129344,-6.24806
1.58514,1.3789,3.05526,12.9194
1.66062,1.3789,2.98671,7.69377
1.7361,1.3789,2.94348,6.19347
1.81158,1.3789,2.93137,5.81994
1.88707,1.3789,2.93657,5.86068
1.96255,1.3789,2.95018,6.12619
2.03803,1.3789,2.96751,6.56054
2.11352,1.3789,2.98605,7.15279
2.189,1.3789,3.00443,7.91269
2.26448,1.3789,3.02192,8.86377
2.33996,1.3789,3.03814,10.0428
2.41545,1.3789,3.05294,11.5031
2.49093,1.3789,3.06631,13.3232
2.56641,1.3789,3.07833,15.6223
2.64189,1.3789,3.08913,18.5919
2.71738,1.3789,3.09888,22.5605
2.79286,1.3789,3.10773,28.144
2.86834,1.3789,3.11585,36.643
2.94383,1.3789,3.1234,51.3525
3.01931,1.3789,3.13054,83.7181
3.09479,1.3789,3.13741,219.068
0,1.53211,nan,nan
0.0754827,1.53211,0.00677616,-132.819
0.150965,1.53211,0.0137739,-64.4908
0.226448,1.53211,0.0211749,-41.3464
0.301931,1.53211,0.0291787,-29.519
0.377414,1.53211,0.0380093,-22.242
0.452896,1.53211,0.0479208,-17.2647
0.528379,1.53211,0.0592017,-13.6265
0.603862,1.53211,0.0721764,-10.8491
0.679344,1.53211,0.0872028,-8.66806
0.754827,1.53211,0.104665,-6.9242
0.83031,1.53211,0.12496,-5.51478
0.905792,1.53211,0.148483,-4.36895
0.981275,1.53211,0.175611,-3.43478
1.05676,1.53211,0.206693,-2.67222
1.13224,1.53211,0.242061,-2.04906
1.20772,1.53211,0.282078,-1.53856
1.28321,1.53211,0.327288,-1.11763
1.35869,1.53211,0.378884,-0.764356
1.43417,1.53211,0.440728,-0.450537
1.50965,1.53211,0.536481,-0.0883179
1.58514,1.53211,2.32778,2.46249
1.66062,1.53211,2.65036,3.31129
1.7361,1.53211,2.72612,3.63205
1.81158,1.53211,2.7832,3.95632
1.88707,1.53211,2.83215,4.33261
1.96255,1.53211,2.87529,4.78501
2.03803,1.53211,2.9135,5.33544
2.11352,1.53211,2.9472,6.00816
2.189,1.53211,2.97674,6.83177
2.26448,1.53211,3.00245,7.84111
2.33996,1.53211,3.0247,9.08016
2.41545,1.53211,3.04387,10.6069
2.49093,1.53211,3.06037,12.5025
2.56641,1.53211,3.07457,14.8871
2.64189,1.53211,3.08686,17.9522
2.71738,1.53211,3.09758,22.0254
2.79286,1.53211,3.10705,27.7212
2.86834,1.53211,3.11554,36.3388
2.94383,1.53211,3.12329,51.1714
3.01931,1.53211,3.13051,83.6634
3.09479,1.53211,3.13741,219.141
0,1.68532,nan,nan
0.0754827,1.68532,0.00678211,-132.536
0.150965,1.68532,0.013823,-64.0799
0.226448,1.68532,0.0213482,-40.8096
0.301931,1.68532,0.0296151,-28.8606
0.377414,1.68532,0.0389269,-21.4683
0.452896,1.68532,0.0496492,-16.3845
0.528379,1.68532,0.0622266,-12.6511
0.603862,1.68532,0.0771993,-9.79277
0.679344,1.68532,0.0952179,-7.54688
0.754827,1.68532,0.117056,-5.75548
0.83031,1.68532,0.143622,-4.31549
0.905792,1.68532,0.175985,-3.15404
0.981275,1.68532,0.215433,-2.21559
1.05676,1.68532,0.26362,-1.45506
1.13224,1.68532,0.322901,-0.834199
1.20772,1.68532,0.397093,-0.319292
1.28321,1.68532,0.49323,0.120797
1.35869,1.68532,0.62589,0.517234
1.43417,1.68532,0.827976,0.904527
1.50965,1.68532,1.16716,1.31945
1.58514,1.68532,1.67201,1.77254
1.66062,1.68532,2.1249,2.21402
1.7361,1.68532,2.40201,2.6146
1.81158,1.68532,2.57191,3.00098
1.88707,1.68532,2.68816,3.41019
1.96255,1.68532,2.77479,3.87511
2.03803,1.68532,2.84272,4.42652
2.11352,1.68532,2.89744,5.09627
2.189,1.68532,2.94208,5.91959
2.26448,1.68532,2.97866,6.93699
2.33996,1.68532,3.00869,8.19699
2.41545,1.68532,3.03334,9.76066
2.49093,1.68532,3.05363,11.7103
2.56641,1.68532,3.0704,14.1662
2.64189,1.68532,3.0844,17.3179
2.71738,1.68532,3.09621,21.4909
2.79286,1.68532,3.10635,27.2969
2.86834,1.68532,3.11522,36.0325
2.94383,1.68532,3.12318,50.9885
3.01931,1.68532,3.13049,83.6074
3.09479,1.68532,3.13741,219.214
0,1.83853,nan,nan
0.0754827,1.83853,0.00678796,-132.256
0.150965,1.83853,0.0138715,-63.6735
0.226448,1.83853,0.0215212,-40.2798
0.301931,1.83853,0.0300557,-28.2122
0.377414,1.83853,0.0398674,-20.7088
0.452896,1.83853,0.0514522,-15.5249
0.528379,1.83853,0.0654448,-11.7066
0.603862,1.83853,0.0826549,-8.78275
0.679344,1.83853,0.104102,-6.49442
0.754827,1.83853,0.131043,-4.68571
0.83031,1.83853,0.16499,-3.25337
0.905792,1.83853,0.207725,-2.12194
0.981275,1.83853,0.261354,-1.23132
1.05676,1.83853,0.328445,-0.531171
1.13224,1.83853,0.412337,0.0213797
1.20772,1.83853,0.517708,0.462591
1.28321,1.83853,0.651403,0.822711
1.35869,1.83853,0.823162,1.12669
1.43417,1.83853,1.04436,1.39488
1.50965,1.83853,1.3198,1.64335
1.58514,1.83853,1.63067,1.88413
1.66062,1.83853,1.93235,2.12665
1.7361,1.83853,2.18773,2.38099
1.81158,1.83853,2.38891,2.66065
1.88707,1.83853,2.54488,2.98333
1.96255,1.83853,2.66683,3.37105
2.03803,1.83853,2.76337,3.85069
2.11352,1.83853,2.84042,4.45471
2.189,1.83853,2.90205,5.2218
2.26448,1.83853,2.95127,6.19753
2.33996,1.83853,2.99043,7.43557
2.41545,1.83853,3.02152,9.00088
2.49093,1.83853,3.04621,10.9775
2.56641,1.83853,3.06592,13.4849
2.64189,1.83853,3.0818,16.71
2.71738,1.83853,3.09479,20.9742
2.79286,1.83853,3.10563,26.8849
2.86834,1.83853,3.11491,35.7348
2.94383,1.83853,3.12306,50.8116
3.01931,1.83853,3.13046,83.555
3.09479,1.83853,3.13741,219.289
0,1.99174,nan,nan
0.0754827,1.99174,0.00679358,-131.981
0.150965,1.99174,0.0139184,-63.2775
0.226448,1.99174,0.0216895,-39.7659
0.301931,1.99174,0.0304895,-27.5855
0.377414,1.99174,0.0408066,-19.9779
0.452896,1.99174,0.0532831,-14.7032
0.528379,1.99174,0.0687715,-10.8132
0.603862,1.99174,0.0883941,-7.8421
0.679344,1.99174,0.11359,-5.53566
0.754827,1.99174,0.146131,-3.73958
0.83031,1.99174,0.188078,-2.34838
0.905792,1.99174,0.241697,-1.28064
0.981275,1.99174,0.309357,-0.468122
1.05676,1.99174,0.393492,0.147604
1.13224,1.99174,0.496645,0.615587
1.20772,1.99174,0.621559,0.975526
1.28321,1.99174,0.771084,1.25849
1.35869,1.99174,0.947566,1.48829
1.43417,1.99174,1.15124,1.68319
1.50965,1.99174,1.37775,1.85748
1.58514,1.99174,1.61639,2.02302
1.66062,1.99174,1.85205,2.19059
1.7361,1.99174,2.0708,2.37122
1.81158,1.99174,2.26435,2.57751
1.88707,1.99174,2.4304,2.8251
1.96255,1.99174,2.57024,3.13415
2.03803,1.99174,2.68655,3.53104
2.11352,1.99174,2.78217,4.04998
2.189,1.99174,2.85975,4.73419
2.26448,1.99174,2.92179,5.6363
2.33996,1.99174,2.9707,6.81832
2.41545,1.99174,3.00882,8.3528
2.49093,1.99174,3.03834,10.3285
2.56641,1.99174,3.06123,12.8654
2.64189,1.99174,3.07913,16.1476
2.71738,1.99174,3.09335,20.4915
2.79286,1.99174,3.10492,26.4988
2.86834,1.99174,3.1146,35.4566
2.94383,1.99174,3.12295,50.6485
3.01931,1.99174,3.13044,83.5112
3.09479,1.99174,3.1374,219.366
0,2.14495,nan,nan
0.0754827,2.14495,0.00679884,-131.714
0.150965,2.14495,0.0139624,-62.8978
0.226448,2.14495,0.021849,-39.2762
0.301931,2.14495,0.0309048,-26.9915
0.377414,2.14495,0.0417177,-19.2892
0.452896,2.14495,0.0550861,-13.9351
0.528379,2.14495,0.072099,-9.98775
0.603862,2.14495,0.0942148,-6.98801
0.679344,2.14495,0.123304,-4.6857
0.754827,2.14495,0.161599,-2.92614
0.83031,2.14495,0.211526,-1.5979
0.905792,2.14495,0.275416,-0.609492
0.981275,2.14495,0.355234,0.118191
1.05676,2.14495,0.452421,0.652202
1.13224,2.14495,0.567886,1.04655
1.20772,2.14495,0.702043,1.34254
1.28321,2.14495,0.854747,1.57064
1.35869,2.14495,1.025,1.75296
1.43417,2.14495,1.21049,1.90568
1.50965,2.14495,1.40718,2.04108
1.58514,2.14495,1.60931,2.16914
1.66062,2.14495,1.81013,2.2989
1.7361,2.14495,2.00316,2.43961
1.81158,2.14495,2.18324,2.60196
1.88707,2.14495,2.34701,2.7995
1.96255,2.14495,2.49273,3.0504
2.03803,2.14495,2.61977,3.37963
2.11352,2.14495,2.72821,3.82152
2.189,2.14495,2.81867,4.42204
2.26448,2.14495,2.89223,5.24021
2.33996,2.14495,2.95056,6.34781
2.41545,2.14495,2.99578,7.82836
2.49093,2.14495,3.0303,9.77941
2.56641,2.14495,3.05649,12.3249
2.64189,2.14495,3.07647,15.6474
2.71738,2.14495,3.09195,20.0578
2.79286,2.14495,3.10424,26.151
2.86834,2.14495,3.1143,35.2077
2.94383,2.14495,3.12285,50.5065
3.01931,2.14495,3.13042,83.4805
3.09479,2.14495,3.1374,219.449
0,2.29816,nan,nan
0.0754827,2.29816,0.00680361,-131.457
0.150965,2.29816,0.0140025,-62.5395
0.226448,2.29816,0.0219952,-38.8187
0.301931,2.29816,0.0312894,-26.4403
0.377414,2.29816,0.0425721,-18.6546
0.452896,2.29816,0.0567994,-13.2338
0.528379,2.29816,0.075302,-9.24349
0.603862,2.29816,0.0998746,-6.23143
0.679344,2.29816,0.132785,-3.9502
0.754827,2.29816,0.176617,-2.24173
0.83031,2.29816,0.233897,-0.984989
0.905792,2.29816,0.30663,-0.076081
0.981275,2.29816,0.395947,0.57482
1.05676,2.29816,0.502038,1.04118
1.13224,2.29816,0.624322,1.37917
1.20772,2.29816,0.761672,1.62946
1.28321,2.29816,0.912544,1.82065
1.35869,2.29816,1.07499,1.97264
1.43417,2.29816,1.2466,2.09959
1.50965,2.29816,1.42445,2.21198
1.58514,2.29816,1.60519,2.31823
1.66062,2.29816,1.78525,2.4259
1.7361,2.29816,1.9611,2.54275
1.81158,2.29816,2.12955,2.67782
1.88707,2.29816,2.28785,2.84278
1.96255,2.29816,2.43379,3.05368
2.03803,2.29816,2.56558,3.33335
2.11352,2.29816,2.68182,3.71455
2.189,2.29816,2.78157,4.24349
2.26448,2.29816,2.86451,4.98283
2.33996,2.29816,2.93119,6.01253
2.41545,2.29816,2.98308,7.42793
2.49093,2.29816,3.02246,9.33845
2.56641,2.29816,3.0519,11.8755
2.64189,2.29816,3.07393,15.2225
2.71738,2.29816,3.09062,19.6858
2.79286,2.29816,3.1036,25.853
2.86834,2.29816,3.11403,34.9977
2.94383,2.29816,3.12276,50.3927
3.01931,2.29816,3.1304,83.4672
3.09479,2.29816,3.1374,219.538
0,2.45137,nan,nan
0.0754827,2.45137,0.00680777,-131.214
0.150965,2.45137,0.0140376,-62.2075
0.226448,2.45137,0.0221242,-38.4003
0.301931,2.45137,0.0316318,-25.9411
0.377414,2.45137,0.0433404,-18.0847
0.452896,2.45137,0.058358,-12.6098
0.528379,2.45137,0.078246,-8.58966
0.603862,2.45137,0.105111,-5.57769
0.679344,2.45137,0.141554,-3.32755
0.754827,2.45137,0.190364,-1.67502
0.83031,2.45137,0.253947,-0.48746
0.905792,2.45137,0.333738,0.35125
0.981275,2.45137,0.429933,0.939404
1.05676,2.45137,0.541642,1.35399
1.13224,2.45137,0.66728,1.65109
1.20772,2.45137,0.804942,1.86963
1.28321,2.45137,0.95262,2.03601
1.35869,2.45137,1.10829,2.16815
1.43417,2.45137,1.2699,2.27854
1.50965,2.45137,1.43538,2.37634
1.58514,2.45137,1.6026,2.46885
1.66062,2.45137,1.76941,2.56258
1.7361,2.45137,1.93367,2.66423
1.81158,2.45137,2.09326,2.78167
1.88707,2.45137,2.24614,2.9251
1.96255,2.45137,2.39025,3.1088
2.03803,2.45137,2.52357,3.3535
2.11352,2.45137,2.64413,3.68984
2.189,2.45137,2.75011,4.16269
2.26448,2.45137,2.84012,4.83578
2.33996,2.45137,2.91366,5.7944
2.41545,2.45137,2.9714,7.14412
2.49093,2.45137,3.01519,9.00699
2.56641,2.45137,3.04767,11.5244
2.64189,2.45137,3.0716,14.8832
2.71738,2.45137,3.08942,19.3864
2.79286,2.45137,3.10302,25.6148
2.86834,2.45137,3.11378,34.8347
2.94383,2.45137,3.12267,50.3131
3.01931,2.45137,3.13038,83.4752
3.09479,2.45137,3.1374,219.635
0,2.60459,nan,nan
0.0754827,2.60459,0.00681123,-130.987
0.150965,2.60459,0.0140669,-61.9059
0.226448,2.60459,0.0222323,-38.0273
0.301931,2.60459,0.0319209,-25.5015
0.377414,2.60459,0.043995,-17.588
0.452896,2.60459,0.0596979,-12.0716
0.528379,2.60459,0.0807968,-8.03211
0.603862,2.60459,0.109665,-5.0279
0.679344,2.60459,0.149156,-2.81176
0.754827,2.60459,0.202137,-1.21189
0.83031,2.60459,0.270755,-0.0841059
0.905792,2.60459,0.355822,0.697969
0.981275,2.60459,0.456717,1.23831
1.05676,2.60459,0.571778,1.61521
1.13224,2.60459,0.698851,1.88359
1.20772,2.60459,0.835715,2.08039
1.28321,2.60459,0.980294,2.23009
1.35869,2.60459,1.13072,2.34906
1.43417,2.60459,1.28532,2.44857
1.50965,2.60459,1.44253,2.53683
1.58514,2.60459,1.60091,2.62036
1.66062,2.60459,1.75901,2.70499
1.7361,2.60459,1.91541,2.79669
1.81158,2.60459,2.06861,2.90249
1.88707,2.60459,2.21702,3.03159
1.96255,2.60459,2.3589,3.1969
2.03803,2.60459,2.4923,3.41745
2.11352,2.60459,2.61507,3.72187
2.189,2.60459,2.72499,4.15324
2.26448,2.60459,2.82002,4.77481
2.33996,2.60459,2.89884,5.67465
2.41545,2.60459,2.96134,6.96591
2.49093,2.60459,3.00888,8.78196
2.56641,2.60459,3.04399,11.2748
2.64189,2.60459,3.06959,14.6364
2.71738,2.60459,3.08839,19.1681
2.79286,2.60459,3.10254,25.4447
2.86834,2.60459,3.11358,34.726
2.94383,2.60459,3.1226,50.2732
3.01931,2.60459,3.13036,83.5079
3.09479,2.60459,3.1374,219.742
0,2.7578,nan,nan
0.0754827,2.7578,0.0068139,-130.776
0.150965,2.7578,0.0140896,-61.6382
0.226448,2.7578,0.0223164,-37.7045
0.301931,2.7578,0.032147,-25.1278
0.377414,2.7578,0.0445107,-17.1713
0.452896,2.7578,0.0607612,-11.6249
0.528379,2.7578,0.082832,-7.57412
0.603862,2.7578,0.113304,-4.58056
0.679344,2.7578,0.155204,-2.39524
0.754827,2.7578,0.211395,-0.838923
0.83031,2.7578,0.283727,0.242356
0.905792,2.7578,0.372472,0.982504
0.981275,2.7578,0.4764,1.48884
1.05676,2.7578,0.593364,1.83975
1.13224,2.7578,0.720921,2.08877
1.20772,2.7578,0.856759,2.27114
1.28321,2.7578,0.998865,2.40989
1.35869,2.7578,1.14555,2.52026
1.43417,2.7578,1.29539,2.61269
1.50965,2.7578,1.44718,2.69476
1.58514,2.7578,1.59981,2.77248
1.66062,2.7578,1.75224,2.8512
1.7361,2.7578,1.90343,2.93643
1.81158,2.7578,2.05222,3.03467
1.88707,2.7578,2.19735,3.15439
1.96255,2.7578,2.33729,3.30757
2.03803,2.7578,2.47023,3.51201
2.11352,2.7578,2.59405,3.79474
2.189,2.7578,2.70635,4.1972
2.26448,2.7578,2.80472,4.78161
2.33996,2.7578,2.8873,5.63716
2.41545,2.7578,2.95338,6.88195
2.49093,2.7578,3.00385,8.65815
2.56641,2.7578,3.04104,11.1272
2.64189,2.7578,3.06798,14.4866
2.71738,2.7578,3.08757,19.0373
2.79286,2.7578,3.10215,25.3495
2.86834,2.7578,3.11342,34.6774
2.94383,2.7578,3.12255,50.2774
3.01931,2.7578,3.13035,83.5681
3.09479,2.7578,3.1374,219.86
0,2.91101,nan,nan
0.0754827,2.91101,0.00681572,-130.583
0.150965,2.91101,0.0141051,-61.4071
0.226448,2.91101,0.022374,-37.436
0.301931,2.91101,0.0323025,-24.8248
0.377414,2.91101,0.044867,-16.8395
0.452896,2.91101,0.0614995,-11.2738
0.528379,2.91101,0.0842506,-7.21717
0.603862,2.91101,0.115842,-4.23313
0.679344,2.91101,0.159404,-2.07087
0.754827,2.91101,0.217761,-0.545283
0.83031,2.91101,0.292521,0.5045
0.905792,2.91101,0.383568,1.21719
0.981275,2.91101,0.489286,1.70184
1.05676,2.91101,0.607252,2.03649
1.13224,2.91101,0.734898,2.27356
1.20772,2.91101,0.869902,2.4471
1.28321,2.91101,1.01033,2.57919
1.35869,2.91101,1.15462,2.68436
1.43417,2.91101,1.30151,2.7725
1.50965,2.91101,1.44999,2.85083
1.58514,2.91101,1.59915,2.92502
1.66062,2.91101,1.74814,3.00017
1.7361,2.91101,1.89613,3.0815
1.81158,2.91101,2.04217,3.17515
1.88707,2.91101,2.18515,3.28918
1.96255,2.91101,2.32372,3.43498
2.03803,2.91101,2.45618,3.62953
2.11352,2.91101,2.58044,3.89882
2.189,2.91101,2.69406,4.28307
2.26448,2.91101,2.79446,4.84356
2.33996,2.91101,2.87944,5.66976
2.41545,2.91101,2.94789,6.88261
2.49093,2.91101,3.00035,8.63015
2.56641,2.91101,3.03899,11.0808
2.64189,2.91101,3.06687,14.4366
2.71738,2.91101,3.08701,18.9986
2.79286,2.91101,3.10189,25.3342
2.86834,2.91101,3.11331,34.6934
2.94383,2.91101,3.12251,50.3293
3.01931,2.91101,3.13034,83.658
3.09479,2.91101,3.1374,219.989
0,3.06422,nan,nan
0.0754827,3.06422,0.00681664,-130.41
0.150965,3.06422,0.0141129,-61.2144
0.226448,3.06422,0.0224033,-37.2243
0.301931,3.06422,0.0323819,-24.5957
0.377414,3.06422,0.0450494,-16.596
0.452896,3.06422,0.0618786,-11.0209
0.528379,3.06422,0.0849804,-6.96177
0.603862,3.06422,0.117148,-3.98325
0.679344,3.06422,0.161558,-1.83328
0.754827,3.06422,0.221006,-0.323554
0.83031,3.06422,0.296964,0.710363
0.905792,3.06422,0.389117,1.40948
0.981275,3.06422,0.495662,1.88357
1.05676,3.06422,0.614057,2.2104
1.13224,3.06422,0.741685,2.44175
1.20772,3.06422,0.876234,2.6111
1.28321,3.06422,1.01581,2.74003
1.35869,3.06422,1.15893,2.84272
1.43417,3.06422,1.30442,2.92884
1.50965,3.06422,1.45132,3.00539
1.58514,3.06422,1.59883,3.07792
1.66062,3.06422,1.7462,3.15138
1.7361,3.06422,1.89267,3.23086
1.81158,3.06422,2.03738,3.32234
1.88707,3.06422,2.1793,3.43366
1.96255,3.06422,2.31717,3.57595
2.03803,3.06422,2.44933,3.76579
2.11352,3.06422,2.57375,4.02865
2.189,3.06422,2.68795,4.40409
2.26448,3.06422,2.78931,4.95288
2.33996,3.06422,2.87545,5.76447
2.41545,3.06422,2.94508,6.9611
2.49093,3.06422,2.99855,8.69369
2.56641,3.06422,3.03794,11.1343
2.64189,3.06422,3.06629,14.4876
2.71738,3.06422,3.08672,19.0549
2.79286,3.06422,3.10175,25.4021
2.86834,3.06422,3.11326,34.7771
2.94383,3.06422,3.1225,50.4311
3.01931,3.06422,3.13034,83.7792
3.09479,3.06422,3.1374,220.13
0,3.21743,nan,nan
0.0754827,3.21743,0.00681665,-130.257
0.150965,3.21743,0.014113,-61.061
0.226448,3.21743,0.0224035,-37.0708
0.301931,3.21743,0.0323823,-24.4421
0.377414,3.21743,0.0450504,-16.4423
0.452896,3.21743,0.0618806,-10.8672
0.528379,3.21743,0.0849842,-6.80803
0.603862,3.21743,0.117155,-3.82955
0.679344,3.21743,0.161569,-1.67964
0.754827,3.21743,0.221022,-0.169994
0.83031,3.21743,0.296987,0.863841
0.905792,3.21743,0.389145,1.56289
0.981275,3.21743,0.495695,2.03693
1.05676,3.21743,0.614092,2.36372
1.13224,3.21743,0.741719,2.59504
1.20772,3.21743,0.876266,2.76436
1.28321,3.21743,1.01584,2.89328
1.35869,3.21743,1.15896,2.99596
1.43417,3.21743,1.30443,3.08207
1.50965,3.21743,1.45133,3.15861
1.58514,3.21743,1.59883,3.23113
1.66062,3.21743,1.74619,3.30458
1.7361,3.21743,1.89265,3.38405
1.81158,3.21743,2.03735,3.47552
1.88707,3.21743,2.17927,3.58683
1.96255,3.21743,2.31714,3.7291
2.03803,3.21743,2.4493,3.91892
2.11352,3.21743,2.57371,4.18174
2.189,3.21743,2.68792,4.55714
2.26448,3.21743,2.78928,5.10586
2.33996,3.21743,2.87543,5.91738
2.41545,3.21743,2.94506,7.11393
2.49093,3.21743,2.99854,8.84644
2.56641,3.21743,3.03793,11.287
2.64189,3.21743,3.06629,14.6403
2.71738,3.21743,3.08672,19.2077
2.79286,3.21743,3.10175,25.5549
2.86834,3.21743,3.11326,34.9299
2.94383,3.21743,3.1225,50.5841
3.01931,3.21743,3.13034,83.9322
3.09479,3.21743,3.1374,220.283
0,3.37064,nan,nan
0.0754827,3.37064,0.00681573,-130.124
0.150965,3.37064,0.0141052,-60.9469
0.226448,3.37064,0.0223744,-36.9755
0.301931,3.37064,0.0323037,-24.364
0.377414,3.37064,0.0448698,-16.3785
0.452896,3.37064,0.0615053,-10.8127
0.528379,3.37064,0.0842617,-6.75596
0.603862,3.37064,0.115862,-3.772
0.679344,3.37064,0.159437,-1.60993
0.754827,3.37064,0.21781,-0.084585
0.83031,3.37064,0.292589,0.964954
0.905792,3.37064,0.383653,1.67743
0.981275,3.37064,0.489385,2.16191
1.05676,3.37064,0.607358,2.49645
1.13224,3.37064,0.735004,2.73343
1.20772,3.37064,0.870001,2.90691
1.28321,3.37064,1.01041,3.03895
1.35869,3.37064,1.15468,3.14407
1.43417,3.37064,1.30156,3.23219
1.50965,3.37064,1.45001,3.31048
1.58514,3.37064,1.59914,3.38465
1.66062,3.37064,1.74811,3.45977
1.7361,3.37064,1.89608,3.54107
1.81158,3.37064,2.0421,3.63469
1.88707,3.37064,2.18506,3.74867
1.96255,3.37064,2.32362,3.89442
2.03803,3.37064,2.45607,4.08889
2.11352,3.37064,2.58034,4.35809
2.189,3.37064,2.69396,4.7422
2.26448,3.37064,2.79438,5.3025
2.33996,3.37064,2.87938,6.12848
2.41545,3.37064,2.94784,7.34108
2.49093,3.37064,3.00032,9.08839
2.56641,3.37064,3.03898,11.5389
2.64189,3.37064,3.06686,14.8946
2.71738,3.37064,3.087,19.4568
2.79286,3.37064,3.10189,25.7925
2.86834,3.37064,3.11331,35.152
2.94383,3.37064,3.12251,50.7882
3.01931,3.37064,3.13034,84.1172
3.09479,3.37064,3.1374,220.448
0,3.52385,nan,nan
0.0754827,3.52385,0.00681392,-130.009
0.150965,3.52385,0.0140898,-60.8712
0.226448,3.52385,0.0223172,-36.937
0.301931,3.52385,0.032149,-24.3599
0.377414,3.52385,0.0445152,-16.4029
0.452896,3.52385,0.0607705,-10.8563
0.528379,3.52385,0.08285,-6.80544
0.603862,3.52385,0.113336,-3.81199
0.679344,3.52385,0.155257,-1.62696
0.754827,3.52385,0.211476,-0.0710282
0.83031,3.52385,0.28384,1.00985
0.905792,3.52385,0.372615,1.74964
0.981275,3.52385,0.476568,2.25569
1.05676,3.52385,0.593545,2.60639
1.13224,3.52385,0.721105,2.85524
1.20772,3.52385,0.856933,3.0375
1.28321,3.52385,0.999017,3.17616
1.35869,3.52385,1.14567,3.28646
1.43417,3.52385,1.29548,3.37884
1.50965,3.52385,1.44722,3.46086
1.58514,3.52385,1.5998,3.53852
1.66062,3.52385,1.75219,3.61719
1.7361,3.52385,1.90333,3.70238
1.81158,3.52385,2.05209,3.80055
1.88707,3.52385,2.19719,3.92019
1.96255,3.52385,2.33711,4.07328
2.03803,3.52385,2.47005,4.27758
2.11352,3.52385,2.59387,4.56014
2.189,3.52385,2.70619,4.96236
2.26448,3.52385,2.80459,5.54646
2.33996,3.52385,2.8872,6.40163
2.41545,3.52385,2.95331,7.64601
2.49093,3.52385,3.00381,9.42185
2.56641,3.52385,3.04102,11.8907
2.64189,3.52385,3.06797,15.2501
2.71738,3.52385,3.08757,19.8009
2.79286,3.52385,3.10215,26.1134
2.86834,3.52385,3.11342,35.4417
2.94383,3.52385,3.12255,51.0422
3.01931,3.52385,3.13035,84.3334
3.09479,3.52385,3.1374,220.626
0,3.67706,nan,nan
0.0754827,3.67706,0.00681126,-129.913
0.150965,3.67706,0.0140672,-60.8321
0.226448,3.67706,0.0222333,-36.9528
0.301931,3.67706,0.0319235,-24.4264
0.377414,3.67706,0.0440011,-16.5124
0.452896,3.67706,0.0597104,-10.9956
0.528379,3.67706,0.0808206,-6.95598
0.603862,3.67706,0.109707,-3.95187
0.679344,3.67706,0.149227,-1.73607
0.754827,3.67706,0.202247,-0.136704
0.83031,3.67706,0.27091,0.990527
0.905792,3.67706,0.356022,1.77209
0.981275,3.67706,0.456956,2.31201
1.05676,3.67706,0.572043,2.68859
1.13224,3.67706,0.699124,2.95673
1.20772,3.67706,0.835978,3.15334
1.28321,3.67706,0.980528,3.30291
1.35869,3.67706,1.13091,3.42177
1.43417,3.67706,1.28545,3.52119
1.50965,3.67706,1.44259,3.60937
1.58514,3.67706,1.60089,3.69283
1.66062,3.67706,1.75892,3.77738
1.7361,3.67706,1.91525,3.86899
1.81158,3.67706,2.0684,3.9747
1.88707,3.67706,2.21677,4.10368
1.96255,3.67706,2.35863,4.26884
2.03803,3.67706,2.49202,4.48918
2.11352,3.67706,2.61481,4.79333
2.189,3.67706,2.72476,5.22434
2.26448,3.67706,2.81984,5.84545
2.33996,3.67706,2.8987,6.74476
2.41545,3.67706,2.96124,8.03548
2.49093,3.67706,3.00882,9.85107
2.56641,3.67706,3.04395,12.3437
2.64189,3.67706,3.06957,15.7052
2.71738,3.67706,3.08838,20.2372
2.79286,3.67706,3.10253,26.5142
2.86834,3.67706,3.11358,35.796
2.94383,3.67706,3.1226,51.3439
3.01931,3.67706,3.13036,84.5792
3.09479,3.67706,3.1374,220.814
0,3.83027,nan,nan
0.0754827,3.83027,0.00680781,-129.835
0.150965,3.83027,0.0140379,-60.8269
0.226448,3.83027,0.0221254,-37.0189
0.301931,3.83027,0.0316351,-24.5589
0.377414,3.83027,0.0433478,-16.7019
0.452896,3.83027,0.058373,-11.2265
0.528379,3.83027,0.0782745,-7.20608
0.603862,3.83027,0.105162,-4.19417
0.679344,3.83027,0.141639,-1.94437
0.754827,3.83027,0.190497,-0.292414
0.83031,3.83027,0.254138,0.89447
0.905792,3.83027,0.333993,1.73252
0.981275,3.83027,0.430247,2.32011
1.05676,3.83027,0.542,2.73423
1.13224,3.83027,0.667661,3.03099
1.20772,3.83027,0.805318,3.24926
1.28321,3.83027,0.952962,3.41542
1.35869,3.83027,1.10857,3.54739
1.43417,3.83027,1.2701,3.65765
1.50965,3.83027,1.43547,3.75533
1.58514,3.83027,1.60258,3.84772
1.66062,3.83027,1.76928,3.94134
1.7361,3.83027,1.93344,4.04287
1.81158,3.83027,2.09296,4.16016
1.88707,3.83027,2.24578,4.30341
1.96255,3.83027,2.38987,4.48688
2.03803,3.83027,2.5232,4.73129
2.11352,3.83027,2.64379,5.06723
2.189,3.83027,2.74981,5.53958
2.26448,3.83027,2.83989,6.21207
2.33996,3.83027,2.91349,7.17001
2.41545,3.83027,2.97129,8.51907
2.49093,3.83027,3.01512,10.3814
2.56641,3.83027,3.04763,12.8986
2.64189,3.83027,3.07158,16.2575
2.71738,3.83027,3.08941,20.7611
2.79286,3.83027,3.10302,26.99
2.86834,3.83027,3.11378,36.2106
2.94383,3.83027,3.12267,51.6898
3.01931,3.83027,3.13038,84.8527
3.09479,3.83027,3.1374,221.014
0,3.98348,nan,nan
0.0754827,3.98348,0.00680366,-129.771
0.150965,3.98348,0.0140029,-60.8522
0.226448,3.98348,0.0219966,-37.1304
0.301931,3.98348,0.0312932,-24.7511
0.377414,3.98348,0.0425805,-16.9647
0.452896,3.98348,0.0568164,-11.5432
0.528379,3.98348,0.075334,-7.55253
0.603862,3.98348,0.0999313,-4.54041
0.679344,3.98348,0.13288,-2.25947
0.754827,3.98348,0.176766,-0.551565
0.83031,3.98348,0.234118,0.704437
0.905792,3.98348,0.306933,1.61256
0.981275,3.98348,0.396334,2.26274
1.05676,3.98348,0.502498,2.72849
1.13224,3.98348,0.624831,3.06598
1.20772,3.98348,0.762195,3.31588
1.28321,3.98348,0.913037,3.50675
1.35869,3.98348,1.07541,3.6585
1.43417,3.98348,1.24689,3.78524
1.50965,3.98348,1.42459,3.89744
1.58514,3.98348,1.60516,4.00352
1.66062,3.98348,1.78505,4.11101
1.7361,3.98348,1.96076,4.22767
1.81158,3.98348,2.1291,4.36252
1.88707,3.98348,2.28734,4.52721
1.96255,3.98348,2.43327,4.73776
2.03803,3.98348,2.56509,5.01701
2.11352,3.98348,2.68138,5.39767
2.189,3.98348,2.78121,5.92595
2.26448,3.98348,2.86424,6.66454
2.33996,3.98348,2.931,7.69345
2.41545,3.98348,2.98296,9.10816
2.49093,3.98348,3.02238,11.0182
2.56641,3.98348,3.05186,13.5551
2.64189,3.98348,3.0739,16.9023
2.71738,3.98348,3.09061,21.3661
2.79286,3.98348,3.10359,27.5339
2.86834,3.98348,3.11402,36.6795
2.94383,3.98348,3.12276,52.0754
3.01931,3.98348,3.1304,85.1509
3.09479,3.98348,3.1374,221.223
0,4.13669,nan,nan
0.0754827,4.13669,0.00679889,-129.721
0.150965,4.13669,0.0139628,-60.9038
0.226448,4.13669,0.0218505,-37.2812
0.301931,4.13669,0.0309089,-24.9954
0.377414,4.13669,0.0417269,-17.2921
0.452896,4.13669,0.0551044,-11.9374
0.528379,4.13669,0.0721329,-7.98947
0.603862,4.13669,0.0942746,-4.98953
0.679344,4.13669,0.123403,-2.68736
0.754827,4.13669,0.161758,-0.928269
0.83031,4.13669,0.211765,0.399254
0.905792,4.13669,0.275754,1.38682
0.981275,4.13669,0.355685,2.11365
1.05676,4.13669,0.452984,2.64689
1.13224,4.13669,0.568543,3.04056
1.20772,4.13669,0.702758,3.33599
1.28321,4.13669,0.855459,3.56363
1.35869,4.13669,1.02563,3.74557
1.43417,4.13669,1.21096,3.89796
1.50965,4.13669,1.40741,4.03305
1.58514,4.13669,1.60925,4.16083
1.66062,4.13669,1.80981,4.2903
1.7361,4.13669,2.00262,4.4307
1.81158,4.13669,2.18257,4.5927
1.88707,4.13669,2.34629,4.78983
1.96255,4.13669,2.49203,5.04023
2.03803,4.13669,2.61914,5.36886
2.11352,4.13669,2.72769,5.81004
2.189,4.13669,2.81826,6.40974
2.26448,4.13669,2.89193,7.22706
2.33996,4.13669,2.95036,8.33384
2.41545,4.13669,2.99565,9.81376
2.49093,4.13669,3.03022,11.7645
2.56641,4.13669,3.05644,14.3099
2.64189,4.13669,3.07644,17.6327
2.71738,4.13669,3.09193,22.0438
2.79286,4.13669,3.10423,28.1378
2.86834,4.13669,3.1143,37.1955
2.94383,4.13669,3.12285,52.4954
3.01931,4.13669,3.13042,85.4704
3.09479,4.13669,3.1374,221.44
0,4.28991,nan,nan
0.0754827,4.28991,0.00679364,-129.681
0.150965,4.28991,0.0139188,-60.977
0.226448,4.28991,0.0216912,-37.4641
0.301931,4.28991,0.0304939,-25.2826
0.377414,4.28991,0.0408162,-17.674
0.452896,4.28991,0.0533019,-12.3984
0.528379,4.28991,0.068806,-8.50768
0.603862,4.28991,0.0884542,-5.53623
0.679344,4.28991,0.11369,-3.22973
0.754827,4.28991,0.14629,-1.43391
0.83031,4.28991,0.188321,-0.0432817
0.905792,4.28991,0.242051,1.02369
0.981275,4.28991,0.309848,1.83533
1.05676,4.28991,0.39414,2.45017
1.13224,4.28991,0.497455,2.91731
1.20772,4.28991,0.622509,3.27649
1.28321,4.28991,0.772115,3.55877
1.35869,4.28991,0.948563,3.78797
1.43417,4.28991,1.15204,3.9823
1.50965,4.28991,1.37816,4.15606
1.58514,4.28991,1.61629,4.32109
1.66062,4.28991,1.85148,4.48814
1.7361,4.28991,2.0699,4.66822
1.81158,4.28991,2.26332,4.87394
1.88707,4.28991,2.42938,5.12089
1.96255,4.28991,2.56934,5.42923
2.03803,4.28991,2.6858,5.82533
2.11352,4.28991,2.78158,6.34341
2.189,4.28991,2.85932,7.02672
2.26448,4.28991,2.92149,7.92798
2.33996,4.28991,2.97049,9.1093
2.41545,4.28991,3.00868,10.6433
2.49093,4.28991,3.03826,12.6189
2.56641,4.28991,3.06118,15.1559
2.64189,4.28991,3.0791,18.4387
2.71738,4.28991,3.09334,22.7834
2.79286,4.28991,3.10491,28.7915
2.86834,4.28991,3.11459,37.7504
2.94383,4.28991,3.12295,52.9435
3.01931,4.28991,3.13044,85.8074
3.09479,4.28991,3.1374,221.664
0,4.44312,nan,nan
0.0754827,4.44312,0.00678802,-129.65
0.150965,4.44312,0.013872,-61.0663
0.226448,4.44312,0.021523,-37.6714
0.301931,4.44312,0.0300603,-25.6026
0.377414,4.44312,0.0398771,-18.098
0.452896,4.44312,0.0514711,-12.9132
0.528379,4.44312,0.0654788,-9.09409
0.603862,4.44312,0.082713,-6.16965
0.679344,4.44312,0.104198,-3.88101
0.754827,4.44312,0.131195,-2.07228
0.83031,4.44312,0.165221,-0.640208
0.905792,4.44312,0.208068,0.490713
0.981275,4.44312,0.261847,1.38063
1.05676,4.44312,0.329129,2.07997
1.13224,4.44312,0.413254,2.63166
1.20772,4.44312,0.518891,3.07199
1.28321,4.44312,0.65285,3.43122
1.35869,4.44312,0.82478,3.73428
1.43417,4.44312,1.04587,4.00148
1.50965,4.44312,1.32068,4.24887
1.58514,4.44312,1.63045,4.4885
1.66062,4.44312,1.93117,4.72988
1.7361,4.44312,2.18613,4.98317
1.81158,4.44312,2.38734,5.26187
1.88707,4.44312,2.54353,5.58364
1.96255,4.44312,2.66575,5.97048
2.03803,4.44312,2.76255,6.44925
2.11352,4.44312,2.83981,7.05242
2.189,4.44312,2.90162,7.81873
2.26448,4.44312,2.95097,8.79383
2.33996,4.44312,2.99024,10.0314
2.41545,4.44312,3.0214,11.5966
2.49093,4.44312,3.04613,13.5734
2.56641,4.44312,3.06587,16.0812
2.64189,4.44312,3.08177,19.3069
2.71738,4.44312,3.09477,23.572
2.79286,4.44312,3.10563,29.4838
2.86834,4.44312,3.1149,38.3348
2.94383,4.44312,3.12306,53.4128
3.01931,4.44312,3.13046,86.1575
3.09479,4.44312,3.13741,221.892
0,4.59633,nan,nan
0.0754827,4.59633,0.00678217,-129.624
0.150965,4.59633,0.0138235,-61.1662
0.226448,4.59633,0.02135,-37.8947
0.301931,4.59633,0.0296196,-25.9444
0.377414,4.59633,0.0389365,-18.5509
0.452896,4.59633,0.0496675,-13.4661
0.528379,4.59633,0.062259,-9.73177
0.603862,4.59633,0.0772536,-6.87263
0.679344,4.59633,0.0953055,-4.62619
0.754827,4.59633,0.117193,-2.83445
0.83031,4.59633,0.14383,-1.39434
0.905792,4.59633,0.176294,-0.232977
0.981275,4.59633,0.215882,0.705219
1.05676,4.59633,0.264261,1.46537
1.13224,4.59633,0.323806,2.08577
1.20772,4.59633,0.39836,2.60016
1.28321,4.59633,0.494996,3.03966
1.35869,4.59633,0.628328,3.43532
1.43417,4.59633,0.831124,3.82132
1.50965,4.59633,1.16991,4.23371
1.58514,4.59633,1.67119,4.68272
1.66062,4.59633,2.1217,5.12061
1.7361,4.59633,2.39911,5.51923
1.81158,4.59633,2.56974,5.90458
1.88707,4.59633,2.6866,6.31311
1.96255,4.59633,2.77368,6.77747
2.03803,4.59633,2.84193,7.32838
2.11352,4.59633,2.89688,7.9977
2.189,4.59633,2.94169,8.82068
2.26448,4.59633,2.9784,9.83789
2.33996,4.59633,3.00851,11.0979
2.41545,4.59633,3.03322,12.6617
2.49093,4.59633,3.05355,14.6119
2.56641,4.59633,3.07036,17.0683
2.64189,4.59633,3.08437,20.2209
2.71738,4.59633,3.0962,24.3949
2.79286,4.59633,3.10634,30.202
2.86834,4.59633,3.11522,38.9387
2.94383,4.59633,3.12318,53.8961
3.01931,4.59633,3.13049,86.5162
3.09479,4.59633,3.13741,222.125
0,4.74954,nan,nan
0.0754827,4.74954,0.00677622,-129.6
0.150965,4.74954,0.0137744,-61.2707
0.226448,4.74954,0.0211766,-38.125
0.301931,4.74954,0.0291831,-26.2963
0.377414,4.74954,0.0380186,-19.0181
0.452896,4.74954,0.0479381,-14.0398
0.528379,4.74954,0.0592317,-10.4005
0.603862,4.74954,0.0722257,-7.62221
0.679344,4.74954,0.0872805,-5.44039
0.754827,4.74954,0.104784,-3.6959
0.83031,4.74954,0.125137,-2.28598
0.905792,4.74954,0.148741,-1.13974
0.981275,4.74954,0.175981,-0.205235
1.05676,4.74954,0.207219,0.557679
1.13224,4.74954,0.242806,1.1813
1.20772,4.74954,0.28314,1.69252
1.28321,4.74954,0.328836,2.11471
1.35869,4.74954,0.381261,2.47035
1.43417,4.74954,0.444849,2.78935
1.50965,4.74954,0.546712,3.16762
1.58514,4.74954,2.28913,5.60932
1.66062,4.74954,2.64367,6.49903
1.7361,4.74954,2.72285,6.82955
1.81158,4.74954,2.7812,7.15757
1.88707,4.74954,2.83081,7.5357
1.96255,4.74954,2.87437,7.9891
2.03803,4.74954,2.91284,8.54013
2.11352,4.74954,2.94674,9.21326
2.189,4.74954,2.97641,10.0372
2.26448,4.74954,3.00223,11.0469
2.33996,4.74954,3.02455,12.2864
2.41545,4.74954,3.04377,13.8137
2.49093,4.74954,3.0603,15.7099
2.56641,4.74954,3.07453,18.0954
2.64189,4.74954,3.08683,21.1614
2.71738,4.74954,3.09757,25.2357
2.79286,4.74954,3.10704,30.9327
2.86834,4.74954,3.11554,39.5515
2.94383,4.74954,3.12329,54.3854
3.01931,4.74954,3.13051,86.8786
3.09479,4.74954,3.13741,222.358
0,4.90275,nan,nan
0.0754827,4.90275,0.00677032,-129.576
0.150965,4.90275,0.0137259,-61.3738
0.226448,4.90275,0.0210069,-38.3533
0.301931,4.90275,0.0287609,-26.6463
0.377414,4.90275,0.0371441,-19.4844
0.452896,4.90275,0.0463203,-14.6157
0.528379,4.90275,0.056458,-11.0776
0.603862,4.90275,0.0677229,-8.39107
0.679344,4.90275,0.0802662,-6.29075
0.754827,4.90275,0.0942051,-4.61787
0.83031,4.90275,0.109594,-3.27128
0.905792,4.90275,0.126383,-2.18338
0.981275,4.90275,0.144353,-1.30768
1.05676,4.90275,0.163015,-0.612566
1.13224,4.90275,0.181434,-0.0792655
1.20772,4.90275,0.197901,0.295774
1.28321,4.90275,0.209255,0.489644
1.35869,4.90275,0.209481,0.414427
1.43417,4.90275,0.187353,-0.234702
1.50965,4.90275,0.130139,-2.67669
1.58514,4.90275,3.05511,16.4226
1.66062,4.90275,2.98562,11.172
1.7361,4.90275,2.94222,9.68503
1.81158,4.90275,2.93032,9.31968
1.88707,4.90275,2.93575,9.36484
1.96255,4.90275,2.94956,9.63294
2.03803,4.90275,2.96704,10.069
2.11352,4.90275,2.9857,10.6624
2.189,4.90275,3.00418,11.4232
2.26448,4.90275,3.02174,12.3751
2.33996,4.90275,3.03802,13.5549
2.41545,4.90275,3.05285,15.016
2.49093,4.90275,3.06625,16.837
2.56641,4.90275,3.07829,19.137
2.64189,4.90275,3.08911,22.1076
2.71738,4.90275,3.09886,26.0773
2.79286,4.90275,3.10772,31.6619
2.86834,4.90275,3.11584,40.1622
2.94383,4.90275,3.1234,54.8729
3.01931,4.90275,3.13054,87.2399
3.09479,4.90275,3.13741,222.591
0,5.05596,nan,nan
0.0754827,5.05596,0.00676459,-129.547
0.150965,5.05596,0.0136792,-61.4695
0.226448,5.05596,0.0208446,-38.5708
0.301931,5.05596,0.028362,-26.9823
0.377414,5.05596,0.0363302,-19.9346
0.452896,5.05596,0.0448417,-15.1748
0.528379,5.05596,0.053976,-11.7397
0.603862,5.05596,0.0637891,-9.14977
0.679344,5.05596,0.0742992,-7.14008
0.754827,5.05596,0.0854657,-5.55305
0.83031,5.05596,0.09716,-4.28995
0.905792,5.05596,0.109126,-3.28721
0.981275,5.05596,0.120923,-2.50456
1.05676,5.05596,0.131849,-1.91982
1.13224,5.05596,0.140832,-1.52869
1.20772,5.05596,0.146305,-1.35034
1.28321,5.05596,0.14612,-1.44315
1.35869,5.05596,0.137798,-1.9397
1.43417,5.05596,0.119865,-3.10926
1.50965,5.05596,0.0950035,-5.37707
1.58514,5.05596,3.06198,17.5755
1.66062,5.05596,3.03677,14.4705
1.7361,5.05596,3.01382,12.6727
1.81158,5.05596,2.99953,11.8021
1.88707,5.05596,2.99458,11.4817
1.96255,5.05596,2.99683,11.5024
2.03803,5.05596,3.00386,11.7658
2.11352,5.05596,3.01373,12.2313
2.189,5.05596,3.02509,12.8897
2.26448,5.05596,3.03702,13.7525
2.33996,5.05596,3.04893,14.8483
2.41545,5.05596,3.06044,16.2254
2.49093,5.05596,3.07137,17.9589
2.56641,5.05596,3.08161,20.1662
2.64189,5.05596,3.09116,23.0377
2.71738,5.05596,3.10005,26.9022
2.79286,5.05596,3.10835,32.3757
2.86834,5.05596,3.11613,40.76
2.94383,5.05596,3.12351,55.3508
3.01931,5.05596,3.13056,87.595
3.09479,5.05596,3.13741,222.822
0,5.20917,nan,nan
0.0754827,5.20917,0.00675918,-129.513
0.150965,5.20917,0.0136353,-61.5518
0.226448,5.20917,0.0206933,-38.7685
0.301931,5.20917,0.0279941,-27.2925
0.377414,5.20917,0.0355905,-20.3538
0.452896,5.20917,0.0435214,-15.6986
0.528379,5.20917,0.0518051,-12.3636
0.603862,5.20917,0.0604296,-9.86922
0.679344,5.20917,0.0693396,-7.9512
0.754827,5.20917,0.0784213,-6.45322
0.83031,5.20917,0.0874818,-5.27861
0.905792,5.20917,0.0962257,-4.36681
0.981275,5.20917,0.104228,-3.68157
1.05676,5.20917,0.110908,-3.20562
1.13224,5.20917,0.115521,-2.93969
1.20772,5.20917,0.117189,-2.90504
1.28321,5.20917,0.115044,-3.14901
1.35869,5.20917,0.108565,-3.75031
1.43417,5.20917,0.0981349,-4.81066
1.50965,5.20917,0.0854613,-6.40231
1.58514,5.20917,3.06398,18.0531
1.66062,5.20917,3.05121,16.1531
1.7361,5.20917,3.03911,14.7657
1.81158,5.20917,3.03005,13.8918
1.88707,5.20917,3.02524,13.4375
1.96255,5.20917,3.02463,13.3069
2.03803,5.20917,3.02753,13.4335
2.11352,5.20917,3.03302,13.7805
2.189,5.20917,3.04028,14.3351
2.26448,5.20917,3.04863,15.1034
2.33996,5.20917,3.05753,16.1096
2.41545,5.20917,3.06663,17.3984
2.49093,5.20917,3.07567,19.042
2.56641,5.20917,3.08448,21.1562
2.64189,5.20917,3.09298,23.9305
2.71738,5.20917,3.10113,27.6932
2.79286,5.20917,3.10893,33.0604
2.86834,5.20917,3.1164,41.3343
2.94383,5.20917,3.12361,55.8114
3.01931,5.20917,3.13059,87.9394
3.09479,5.20917,3.13741,223.048
0,5.36238,nan,nan
0.0754827,5.36238,0.00675422,-129.468
0.150965,5.36238,0.0135951,-61.6154
0.226448,5.36238,0.0205559,-38.9383
0.301931,5.36238,0.0276638,-27.566
0.377414,5.36238,0.0349352,-20.7278
0.452896,5.36238,0.042371,-16.1696
0.528379,5.36238,0.0499505,-12.9277
0.603862,5.36238,0.0576239,-10.5227
0.679344,5.36238,0.065304,-8.69056
0.754827,5.36238,0.072857,-7.27576
0.83031,5.36238,0.0800923,-6.18252
0.905792,5.36238,0.0867546,-5.3513
0.981275,5.36238,0.0925189,-4.7465
1.05676,5.36238,0.0969964,-4.35026
1.13224,5.36238,0.09976,-4.15938
1.20772,5.36238,0.100404,-4.18396
1.28321,5.36238,0.0986528,-4.44548
1.35869,5.36238,0.0945122,-4.97139
1.43417,5.36238,0.0884124,-5.78129
1.50965,5.36238,0.0812185,-6.86179
1.58514,5.36238,3.06491,18.3631
1.66062,5.36238,3.05758,17.1473
1.7361,5.36238,3.05068,16.1646
1.81158,5.36238,3.04524,15.4635
1.88707,5.36238,3.04198,15.0412
1.96255,5.36238,3.04116,14.8729
2.03803,5.36238,3.04265,14.9321
2.11352,5.36238,3.04612,15.2015
2.189,5.36238,3.05113,15.6759
2.26448,5.36238,3.05728,16.3637
2.33996,5.36238,3.0642,17.2892
2.41545,5.36238,3.07158,18.496
2.49093,5.36238,3.0792,20.0555
2.56641,5.36238,3.08689,22.0826
2.64189,5.36238,3.09454,24.7661
2.71738,5.36238,3.10207,28.4342
2.79286,5.36238,3.10944,33.7031
2.86834,5.36238,3.11665,41.8751
2.94383,5.36238,3.1237,56.2475
3.01931,5.36238,3.13061,88.2686
3.09479,5.36238,3.13741,223.269
0,5.51559,nan,nan
0.0754827,5.51559,0.0067498,-129.412
0.150965,5.51559,0.0135595,-61.6551
0.226448,5.51559,0.0204352,-39.0724
0.301931,5.51559,0.0273763,-27.7925
0.377414,5.51559,0.0343719,-21.0439
0.452896,5.51559,0.0413969,-16.5721
0.528379,5.51559,0.0484078,-13.413
0.603862,5.51559,0.0553378,-11.0871
0.679344,5.51559,0.0620927,-9.3304
0.754827,5.51559,0.0685465,-7.9871
0.83031,5.51559,0.0745396,-6.96126
0.905792,5.51559,0.0798787,-6.1926
0.981275,5.51559,0.0843428,-5.6438
1.05676,5.51559,0.0876977,-5.2933
1.13224,5.51559,0.0897226,-5.13093
1.20772,5.51559,0.0902521,-5.15446
1.28321,5.51559,0.0892308,-5.36575
1.35869,5.51559,0.0867683,-5.76507
1.43417,5.51559,0.0831685,-6.34297
1.50965,5.51559,0.0789024,-7.07076
1.58514,5.51559,3.06543,18.6059
1.66062,5.51559,3.06103,17.8106
1.7361,5.51559,3.05695,17.1348
1.81158,5.51559,3.05373,16.6227
1.88707,5.51559,3.05179,16.2944
1.96255,5.51559,3.05136,16.1547
2.03803,5.51559,3.05247,16.2019
2.11352,5.51559,3.05502,16.4352
2.189,5.51559,3.05883,16.8593
2.26448,5.51559,3.06365,17.4883
2.33996,5.51559,3.06926,18.3493
2.41545,5.51559,3.07545,19.4871
2.49093,5.51559,3.08204,20.9736
2.56641,5.51559,3.08887,22.9238
2.64189,5.51559,3.09584,25.5268
2.71738,5.51559,3.10287,29.1106
2.79286,5.51559,3.10988,34.2919
2.86834,5.51559,3.11686,42.3733
2.94383,5.51559,3.12378,56.6525
3.01931,5.51559,3.13063,88.5783
3.09479,5.51559,3.13741,223.483
0,5.6688,nan,nan
0.0754827,5.6688,0.00674604,-129.341
0.150965,5.6688,0.0135294,-61.6663
0.226448,5.6688,0.0203334,-39.1643
0.301931,5.6688,0.0271358,-27.9631
0.377414,5.6688,0.0339058,-21.2908
0.452896,5.6688,0.0406015,-16.8924
0.528379,5.6688,0.0471674,-13.8034
0.603862,5.6688,0.0535325,-11.544
0.679344,5.6688,0.0596078,-9.84937
0.754827,5.6688,0.065287,-8.56333
0.83031,5.6688,0.0704467,-7.58884
0.905792,5.6688,0.0749516,-6.864
0.981275,5.6688,0.0786613,-6.34883
1.05676,5.6688,0.0814446,-6.01765
1.13224,5.6688,0.0831972,-5.85407
1.20772,5.6688,0.0838655,-5.84716
1.28321,5.6688,0.0834709,-5.98779
1.35869,5.6688,0.0821275,-6.26464
1.43417,5.6688,0.0800446,-6.66005
1.50965,5.6688,0.0775061,-7.14634
1.58514,5.6688,3.06575,18.8146
1.66062,5.6688,3.06309,18.2907
1.7361,5.6688,3.06069,17.835
1.81158,5.6688,3.05885,17.4819
1.88707,5.6688,3.05785,17.2552
1.96255,5.6688,3.05785,17.1695
2.03803,5.6688,3.05894,17.2349
2.11352,5.6688,3.06109,17.4606
2.189,5.6688,3.06424,17.8594
2.26448,5.6688,3.06827,18.4505
2.33996,5.6688,3.07304,19.2645
2.41545,5.6688,3.07841,20.3486
2.49093,5.6688,3.08425,21.7759
2.56641,5.6688,3.09045,23.6623
2.64189,5.6688,3.0969,26.1975
2.71738,5.6688,3.10352,29.7099
2.79286,5.6688,3.11025,34.8165
2.86834,5.6688,3.11704,42.8206
2.94383,5.6688,3.12385,57.0203
3.01931,5.6688,3.13064,88.865
3.09479,5.6688,3.13742,223.687
0,5.82202,nan,nan
0.0754827,5.82202,0.00674302,-129.254
0.150965,5.82202,0.0135052,-61.6453
0.226448,5.82202,0.0202523,-39.2081
0.301931,5.82202,0.0269456,-28.0701
0.377414,5.82202,0.0335403,-21.459
0.452896,5.82202,0.0399846,-17.1194
0.528379,5.82202,0.0462178,-14.0862
0.603862,5.82202,0.0521706,-11.8788
0.679344,5.82202,0.0577643,-10.2322
0.754827,5.82202,0.0629131,-8.98885
0.83031,5.82202,0.0675258,-8.05064
0.905792,5.82202,0.0715111,-7.35383
0.981275,5.82202,0.0747841,-6.85601
1.05676,5.82202,0.077276,-6.52817
1.13224,5.82202,0.0789451,-6.34967
1.20772,5.82202,0.079789,-6.30452
1.28321,5.82202,0.0798542,-6.37839
1.35869,5.82202,0.0792418,-6.55581
1.43417,5.82202,0.0781039,-6.81792
1.50965,5.82202,0.0766305,-7.14084
1.58514,5.82202,3.06595,19.0033
1.66062,5.82202,3.06438,18.6568
1.7361,5.82202,3.06301,18.3538
1.81158,5.82202,3.06205,18.1213
1.88707,5.82202,3.06168,17.9813
1.96255,5.82202,3.06203,17.9509
2.03803,5.82202,3.06318,18.045
2.11352,5.82202,3.06517,18.2782
2.189,5.82202,3.06796,18.6678
2.26448,5.82202,3.07152,19.2372
2.33996,5.82202,3.07575,20.0198
2.41545,5.82202,3.08058,21.065
2.49093,5.82202,3.08591,22.4475
2.56641,5.82202,3.09165,24.2843
2.64189,5.82202,3.09771,26.7658
2.71738,5.82202,3.10404,30.2213
2.79286,5.82202,3.11054,35.2682
2.86834,5.82202,3.11718,43.2102
2.94383,5.82202,3.1239,57.346
3.01931,5.82202,3.13066,89.1254
3.09479,5.82202,3.13742,223.881
0,5.97523,nan,nan
0.0754827,5.97523,0.00674082,-129.15
0.150965,5.97523,0.0134876,-61.5889
0.226448,5.97523,0.0201933,-39.1991
0.301931,5.97523,0.026808,-28.1074
0.377414,5.97523,0.0332778,-21.5411
0.452896,5.97523,0.0395451,-17.2442
0.528379,5.97523,0.0455479,-14.2514
0.603862,5.97523,0.0512205,-12.0815
0.679344,5.97523,0.0564945,-10.4685
0.754827,5.97523,0.0613005,-9.25432
0.83031,5.97523,0.065571,-8.33957
0.905792,5.97523,0.0692445,-7.6591
0.981275,5.97523,0.0722706,-7.16869
1.05676,5.97523,0.0746162,-6.83713
1.13224,5.97523,0.076272,-6.64129
1.20772,5.97523,0.0772585,-6.56265
1.28321,5.97523,0.0776303,-6.58467
1.35869,5.97523,0.0774761,-6.6908
1.43417,5.97523,0.0769156,-6.8629
1.50965,5.97523,0.0760909,-7.08035
1.58514,5.97523,3.06608,19.1786
1.66062,5.97523,3.06517,18.9443
1.7361,5.97523,3.06442,18.7414
1.81158,5.97523,3.064,18.5921
1.88707,5.97523,3.06404,18.5159
1.96255,5.97523,3.06463,18.5302
2.03803,5.97523,3.06587,18.6514
2.11352,5.97523,3.06779,18.8965
2.189,5.97523,3.07039,19.2853
2.26448,5.97523,3.07367,19.8437
2.33996,5.97523,3.07758,20.607
2.41545,5.97523,3.08206,21.6264
2.49093,5.97523,3.08705,22.9779
2.56641,5.97523,3.09248,24.7795
2.64189,5.97523,3.09829,27.2224
2.71738,5.97523,3.1044,30.6366
2.79286,5.97523,3.11075,35.6399
2.86834,5.97523,3.11728,43.5366
2.94383,5.97523,3.12394,57.6256
3.01931,5.97523,3.13067,89.3572
3.09479,5.97523,3.13742,224.065
0,6.12844,nan,nan
0.0754827,6.12844,0.00673947,-129.026
0.150965,6.12844,0.0134768,-61.4949
0.226448,6.12844,0.0201574,-39.1341
0.301931,6.12844,0.0267245,-28.0707
0.377414,6.12844,0.0331194,-21.5317
0.452896,6.12844,0.0392815,-17.2608
0.528379,6.12844,0.0451487,-14.2924
0.603862,6.12844,0.0506588,-12.1449
0.679344,6.12844,0.05575,-10.5519
0.754827,6.12844,0.0603637,-9.3546
0.83031,6.12844,0.0644464,-8.45285
0.905792,6.12844,0.0679538,-7.78064
0.981275,6.12844,0.0708538,-7.29265
1.05676,6.12844,0.0731315,-6.95651
1.13224,6.12844,0.074793,-6.74784
1.20772,6.12844,0.0758688,-6.647
1.28321,6.12844,0.0764152,-6.6367
1.35869,6.12844,0.0765137,-6.70026
1.43417,6.12844,0.0762675,-6.8204
1.50965,6.12844,0.0757953,-6.97849
1.58514,6.12844,3.06615,19.344
1.66062,6.12844,3.0656,19.1721
1.7361,6.12844,3.0652,19.0261
1.81158,6.12844,3.06507,18.9254
1.88707,6.12844,3.06533,18.8879
1.96255,6.12844,3.06607,18.9306
2.03803,6.12844,3.06736,19.0703
2.11352,6.12844,3.06925,19.3249
2.189,6.12844,3.07177,19.7155
2.26448,6.12844,3.0749,20.2691
2.33996,6.12844,3.07863,21.0223
2.41545,6.12844,3.08292,22.0271
2.49093,6.12844,3.08772,23.3605
2.56641,6.12844,3.09298,25.1411
2.64189,6.12844,3.09863,27.5608
2.71738,6.12844,3.10462,30.9498
2.79286,6.12844,3.11088,35.9266
2.86834,6.12844,3.11735,43.7956
2.94383,6.12844,3.12396,57.856
3.01931,6.12844,3.13067,89.5585
3.09479,6.12844,3.13742,224.236
0,6.28165,nan,nan
0.0754827,6.28165,0.00673901,-128.883
0.150965,6.28165,0.0134732,-61.3618
0.226448,6.28165,0.0201452,-39.0109
0.301931,6.28165,0.0266963,-27.9571
0.377414,6.28165,0.0330659,-21.4274
0.452896,6.28165,0.0391926,-17.1654
0.528379,6.28165,0.0450146,-14.2053
0.603862,6.28165,0.0504707,-12.0654
0.679344,6.28165,0.0555018,-10.479
0.754827,6.28165,0.0600527,-9.28727
0.83031,6.28165,0.064075,-8.38971
0.905792,6.28165,0.0675296,-7.72001
0.981275,6.28165,0.0703904,-7.2325
1.05676,6.28165,0.0726482,-6.89442
1.13224,6.28165,0.0743136,-6.68103
1.20772,6.28165,0.0754199,-6.57239
1.28321,6.28165,0.0760236,-6.55103
1.35869,6.28165,0.0762038,-6.6003
1.43417,6.28165,0.0760587,-6.70325
1.50965,6.28165,0.0756999,-6.84194
1.58514,6.28165,3.06617,19.5012
1.66062,6.28165,3.06574,19.3495
1.7361,6.28165,3.06545,19.2222
1.81158,6.28165,3.06541,19.1376
1.88707,6.28165,3.06574,19.1132
1.96255,6.28165,3.06653,19.1658
2.03803,6.28165,3.06784,19.3121
2.11352,6.28165,3.06973,19.5703
2.189,6.28165,3.07222,19.9619
2.26448,6.28165,3.07531,20.5142
2.33996,6.28165,3.07898,21.2642
2.41545,6.28165,3.08321,22.2642
2.49093,6.28165,3.08795,23.5916
2.56641,6.28165,3.09315,25.3652
2.64189,6.28165,3.09875,27.777
2.71738,6.28165,3.1047,31.1575
2.79286,6.28165,3.11092,36.1253
2.86834,6.28165,3.11737,43.9848
2.94383,6.28165,3.12397,58.0355
3.01931,6.28165,3.13067,89.728
3.09479,6.28165,3.13742,224.396
